FACILITY;XCOORD;YCOORD
A;42.435678;12.54321
B;45.123456;7.654321
C;41.890123;13.987654
D;43.210987;9.876543
E;40.56789;15.098765
F;44.210987;8.432109
